{"variable":[{"key":"base_url","value":"http:\/\/localhost"}],"info":{"name":"2021_04_23_133948_laravel_collection.json","schema":"https:\/\/schema.getpostman.com\/json\/collection\/v2.1.0\/collection.json"},"item":[{"name":"api\/auth\/login","request":{"method":"POST","header":[{"key":"Accept","value":"application\/json"},{"key":"Content-Type","value":"application\/json"}],"url":{"raw":"{{base_url}}\/api\/auth\/login","host":"{{base_url}}\/api\/auth\/login"}}},{"name":"api\/auth\/signup","request":{"method":"POST","header":[{"key":"Accept","value":"application\/json"},{"key":"Content-Type","value":"application\/json"}],"url":{"raw":"{{base_url}}\/api\/auth\/signup","host":"{{base_url}}\/api\/auth\/signup"}}},{"name":"api\/auth\/logout","request":{"method":"GET","header":[{"key":"Accept","value":"application\/json"},{"key":"Content-Type","value":"application\/json"}],"url":{"raw":"{{base_url}}\/api\/auth\/logout","host":"{{base_url}}\/api\/auth\/logout"}}},{"name":"api\/auth\/user","request":{"method":"GET","header":[{"key":"Accept","value":"application\/json"},{"key":"Content-Type","value":"application\/json"}],"url":{"raw":"{{base_url}}\/api\/auth\/user","host":"{{base_url}}\/api\/auth\/user"}}},{"name":"api\/auth\/user\/{userId}\/detail","request":{"method":"GET","header":[{"key":"Accept","value":"application\/json"},{"key":"Content-Type","value":"application\/json"}],"url":{"raw":"{{base_url}}\/api\/auth\/user\/{userId}\/detail","host":"{{base_url}}\/api\/auth\/user\/{userId}\/detail"}}},{"name":"api\/auth\/category","request":{"method":"GET","header":[{"key":"Accept","value":"application\/json"},{"key":"Content-Type","value":"application\/json"}],"url":{"raw":"{{base_url}}\/api\/auth\/category","host":"{{base_url}}\/api\/auth\/category"}}},{"name":"api\/auth\/category","request":{"method":"POST","header":[{"key":"Accept","value":"application\/json"},{"key":"Content-Type","value":"application\/json"}],"url":{"raw":"{{base_url}}\/api\/auth\/category","host":"{{base_url}}\/api\/auth\/category"}}},{"name":"api\/auth\/category\/{category}","request":{"method":"GET","header":[{"key":"Accept","value":"application\/json"},{"key":"Content-Type","value":"application\/json"}],"url":{"raw":"{{base_url}}\/api\/auth\/category\/{category}","host":"{{base_url}}\/api\/auth\/category\/{category}"}}},{"name":"api\/auth\/category\/{category}","request":{"method":"PUT","header":[{"key":"Accept","value":"application\/json"},{"key":"Content-Type","value":"application\/json"}],"url":{"raw":"{{base_url}}\/api\/auth\/category\/{category}","host":"{{base_url}}\/api\/auth\/category\/{category}"}}},{"name":"api\/auth\/category\/{category}","request":{"method":"PATCH","header":[{"key":"Accept","value":"application\/json"},{"key":"Content-Type","value":"application\/json"}],"url":{"raw":"{{base_url}}\/api\/auth\/category\/{category}","host":"{{base_url}}\/api\/auth\/category\/{category}"}}},{"name":"api\/auth\/category\/{category}","request":{"method":"DELETE","header":[{"key":"Accept","value":"application\/json"},{"key":"Content-Type","value":"application\/json"}],"url":{"raw":"{{base_url}}\/api\/auth\/category\/{category}","host":"{{base_url}}\/api\/auth\/category\/{category}"}}},{"name":"api\/auth\/product","request":{"method":"GET","header":[{"key":"Accept","value":"application\/json"},{"key":"Content-Type","value":"application\/json"}],"url":{"raw":"{{base_url}}\/api\/auth\/product","host":"{{base_url}}\/api\/auth\/product"}}},{"name":"api\/auth\/product","request":{"method":"POST","header":[{"key":"Accept","value":"application\/json"},{"key":"Content-Type","value":"application\/json"}],"url":{"raw":"{{base_url}}\/api\/auth\/product","host":"{{base_url}}\/api\/auth\/product"}}},{"name":"api\/auth\/product\/{product}","request":{"method":"GET","header":[{"key":"Accept","value":"application\/json"},{"key":"Content-Type","value":"application\/json"}],"url":{"raw":"{{base_url}}\/api\/auth\/product\/{product}","host":"{{base_url}}\/api\/auth\/product\/{product}"}}},{"name":"api\/auth\/product\/{product}","request":{"method":"PUT","header":[{"key":"Accept","value":"application\/json"},{"key":"Content-Type","value":"application\/json"}],"url":{"raw":"{{base_url}}\/api\/auth\/product\/{product}","host":"{{base_url}}\/api\/auth\/product\/{product}"}}},{"name":"api\/auth\/product\/{product}","request":{"method":"PATCH","header":[{"key":"Accept","value":"application\/json"},{"key":"Content-Type","value":"application\/json"}],"url":{"raw":"{{base_url}}\/api\/auth\/product\/{product}","host":"{{base_url}}\/api\/auth\/product\/{product}"}}},{"name":"api\/auth\/product\/{product}","request":{"method":"DELETE","header":[{"key":"Accept","value":"application\/json"},{"key":"Content-Type","value":"application\/json"}],"url":{"raw":"{{base_url}}\/api\/auth\/product\/{product}","host":"{{base_url}}\/api\/auth\/product\/{product}"}}},{"name":"api\/auth\/image_store","request":{"method":"POST","header":[{"key":"Accept","value":"application\/json"},{"key":"Content-Type","value":"application\/json"}],"url":{"raw":"{{base_url}}\/api\/auth\/image_store","host":"{{base_url}}\/api\/auth\/image_store"}}},{"name":"api\/auth\/image_delete\/{id}","request":{"method":"DELETE","header":[{"key":"Accept","value":"application\/json"},{"key":"Content-Type","value":"application\/json"}],"url":{"raw":"{{base_url}}\/api\/auth\/image_delete\/{id}","host":"{{base_url}}\/api\/auth\/image_delete\/{id}"}}},{"name":"api\/auth\/Attribute","request":{"method":"GET","header":[{"key":"Accept","value":"application\/json"},{"key":"Content-Type","value":"application\/json"}],"url":{"raw":"{{base_url}}\/api\/auth\/Attribute","host":"{{base_url}}\/api\/auth\/Attribute"}}},{"name":"api\/auth\/Attribute","request":{"method":"POST","header":[{"key":"Accept","value":"application\/json"},{"key":"Content-Type","value":"application\/json"}],"url":{"raw":"{{base_url}}\/api\/auth\/Attribute","host":"{{base_url}}\/api\/auth\/Attribute"}}},{"name":"api\/auth\/Attribute\/{Attribute}","request":{"method":"GET","header":[{"key":"Accept","value":"application\/json"},{"key":"Content-Type","value":"application\/json"}],"url":{"raw":"{{base_url}}\/api\/auth\/Attribute\/{Attribute}","host":"{{base_url}}\/api\/auth\/Attribute\/{Attribute}"}}},{"name":"api\/auth\/Attribute\/{Attribute}","request":{"method":"PUT","header":[{"key":"Accept","value":"application\/json"},{"key":"Content-Type","value":"application\/json"}],"url":{"raw":"{{base_url}}\/api\/auth\/Attribute\/{Attribute}","host":"{{base_url}}\/api\/auth\/Attribute\/{Attribute}"}}},{"name":"api\/auth\/Attribute\/{Attribute}","request":{"method":"PATCH","header":[{"key":"Accept","value":"application\/json"},{"key":"Content-Type","value":"application\/json"}],"url":{"raw":"{{base_url}}\/api\/auth\/Attribute\/{Attribute}","host":"{{base_url}}\/api\/auth\/Attribute\/{Attribute}"}}},{"name":"api\/auth\/Attribute\/{Attribute}","request":{"method":"DELETE","header":[{"key":"Accept","value":"application\/json"},{"key":"Content-Type","value":"application\/json"}],"url":{"raw":"{{base_url}}\/api\/auth\/Attribute\/{Attribute}","host":"{{base_url}}\/api\/auth\/Attribute\/{Attribute}"}}},{"name":"api\/auth\/AttributeSet","request":{"method":"GET","header":[{"key":"Accept","value":"application\/json"},{"key":"Content-Type","value":"application\/json"}],"url":{"raw":"{{base_url}}\/api\/auth\/AttributeSet","host":"{{base_url}}\/api\/auth\/AttributeSet"}}},{"name":"api\/auth\/AttributeSet","request":{"method":"POST","header":[{"key":"Accept","value":"application\/json"},{"key":"Content-Type","value":"application\/json"}],"url":{"raw":"{{base_url}}\/api\/auth\/AttributeSet","host":"{{base_url}}\/api\/auth\/AttributeSet"}}},{"name":"api\/auth\/AttributeSet\/{AttributeSet}","request":{"method":"GET","header":[{"key":"Accept","value":"application\/json"},{"key":"Content-Type","value":"application\/json"}],"url":{"raw":"{{base_url}}\/api\/auth\/AttributeSet\/{AttributeSet}","host":"{{base_url}}\/api\/auth\/AttributeSet\/{AttributeSet}"}}},{"name":"api\/auth\/AttributeSet\/{AttributeSet}","request":{"method":"PUT","header":[{"key":"Accept","value":"application\/json"},{"key":"Content-Type","value":"application\/json"}],"url":{"raw":"{{base_url}}\/api\/auth\/AttributeSet\/{AttributeSet}","host":"{{base_url}}\/api\/auth\/AttributeSet\/{AttributeSet}"}}},{"name":"api\/auth\/AttributeSet\/{AttributeSet}","request":{"method":"PATCH","header":[{"key":"Accept","value":"application\/json"},{"key":"Content-Type","value":"application\/json"}],"url":{"raw":"{{base_url}}\/api\/auth\/AttributeSet\/{AttributeSet}","host":"{{base_url}}\/api\/auth\/AttributeSet\/{AttributeSet}"}}},{"name":"api\/auth\/AttributeSet\/{AttributeSet}","request":{"method":"DELETE","header":[{"key":"Accept","value":"application\/json"},{"key":"Content-Type","value":"application\/json"}],"url":{"raw":"{{base_url}}\/api\/auth\/AttributeSet\/{AttributeSet}","host":"{{base_url}}\/api\/auth\/AttributeSet\/{AttributeSet}"}}},{"name":"api\/auth\/AttributeValue","request":{"method":"GET","header":[{"key":"Accept","value":"application\/json"},{"key":"Content-Type","value":"application\/json"}],"url":{"raw":"{{base_url}}\/api\/auth\/AttributeValue","host":"{{base_url}}\/api\/auth\/AttributeValue"}}},{"name":"api\/auth\/AttributeValue","request":{"method":"POST","header":[{"key":"Accept","value":"application\/json"},{"key":"Content-Type","value":"application\/json"}],"url":{"raw":"{{base_url}}\/api\/auth\/AttributeValue","host":"{{base_url}}\/api\/auth\/AttributeValue"}}},{"name":"api\/auth\/AttributeValue\/{AttributeValue}","request":{"method":"GET","header":[{"key":"Accept","value":"application\/json"},{"key":"Content-Type","value":"application\/json"}],"url":{"raw":"{{base_url}}\/api\/auth\/AttributeValue\/{AttributeValue}","host":"{{base_url}}\/api\/auth\/AttributeValue\/{AttributeValue}"}}},{"name":"api\/auth\/AttributeValue\/{AttributeValue}","request":{"method":"PUT","header":[{"key":"Accept","value":"application\/json"},{"key":"Content-Type","value":"application\/json"}],"url":{"raw":"{{base_url}}\/api\/auth\/AttributeValue\/{AttributeValue}","host":"{{base_url}}\/api\/auth\/AttributeValue\/{AttributeValue}"}}},{"name":"api\/auth\/AttributeValue\/{AttributeValue}","request":{"method":"PATCH","header":[{"key":"Accept","value":"application\/json"},{"key":"Content-Type","value":"application\/json"}],"url":{"raw":"{{base_url}}\/api\/auth\/AttributeValue\/{AttributeValue}","host":"{{base_url}}\/api\/auth\/AttributeValue\/{AttributeValue}"}}},{"name":"api\/auth\/AttributeValue\/{AttributeValue}","request":{"method":"DELETE","header":[{"key":"Accept","value":"application\/json"},{"key":"Content-Type","value":"application\/json"}],"url":{"raw":"{{base_url}}\/api\/auth\/AttributeValue\/{AttributeValue}","host":"{{base_url}}\/api\/auth\/AttributeValue\/{AttributeValue}"}}},{"name":"api\/auth\/Tax","request":{"method":"GET","header":[{"key":"Accept","value":"application\/json"},{"key":"Content-Type","value":"application\/json"}],"url":{"raw":"{{base_url}}\/api\/auth\/Tax","host":"{{base_url}}\/api\/auth\/Tax"}}},{"name":"api\/auth\/Tax","request":{"method":"POST","header":[{"key":"Accept","value":"application\/json"},{"key":"Content-Type","value":"application\/json"}],"url":{"raw":"{{base_url}}\/api\/auth\/Tax","host":"{{base_url}}\/api\/auth\/Tax"}}},{"name":"api\/auth\/Tax\/{Tax}","request":{"method":"GET","header":[{"key":"Accept","value":"application\/json"},{"key":"Content-Type","value":"application\/json"}],"url":{"raw":"{{base_url}}\/api\/auth\/Tax\/{Tax}","host":"{{base_url}}\/api\/auth\/Tax\/{Tax}"}}},{"name":"api\/auth\/Tax\/{Tax}","request":{"method":"PUT","header":[{"key":"Accept","value":"application\/json"},{"key":"Content-Type","value":"application\/json"}],"url":{"raw":"{{base_url}}\/api\/auth\/Tax\/{Tax}","host":"{{base_url}}\/api\/auth\/Tax\/{Tax}"}}},{"name":"api\/auth\/Tax\/{Tax}","request":{"method":"PATCH","header":[{"key":"Accept","value":"application\/json"},{"key":"Content-Type","value":"application\/json"}],"url":{"raw":"{{base_url}}\/api\/auth\/Tax\/{Tax}","host":"{{base_url}}\/api\/auth\/Tax\/{Tax}"}}},{"name":"api\/auth\/Tax\/{Tax}","request":{"method":"DELETE","header":[{"key":"Accept","value":"application\/json"},{"key":"Content-Type","value":"application\/json"}],"url":{"raw":"{{base_url}}\/api\/auth\/Tax\/{Tax}","host":"{{base_url}}\/api\/auth\/Tax\/{Tax}"}}},{"name":"api\/auth\/Currency","request":{"method":"GET","header":[{"key":"Accept","value":"application\/json"},{"key":"Content-Type","value":"application\/json"}],"url":{"raw":"{{base_url}}\/api\/auth\/Currency","host":"{{base_url}}\/api\/auth\/Currency"}}},{"name":"api\/auth\/Currency","request":{"method":"POST","header":[{"key":"Accept","value":"application\/json"},{"key":"Content-Type","value":"application\/json"}],"url":{"raw":"{{base_url}}\/api\/auth\/Currency","host":"{{base_url}}\/api\/auth\/Currency"}}},{"name":"api\/auth\/Currency\/{Currency}","request":{"method":"GET","header":[{"key":"Accept","value":"application\/json"},{"key":"Content-Type","value":"application\/json"}],"url":{"raw":"{{base_url}}\/api\/auth\/Currency\/{Currency}","host":"{{base_url}}\/api\/auth\/Currency\/{Currency}"}}},{"name":"api\/auth\/Currency\/{Currency}","request":{"method":"PUT","header":[{"key":"Accept","value":"application\/json"},{"key":"Content-Type","value":"application\/json"}],"url":{"raw":"{{base_url}}\/api\/auth\/Currency\/{Currency}","host":"{{base_url}}\/api\/auth\/Currency\/{Currency}"}}},{"name":"api\/auth\/Currency\/{Currency}","request":{"method":"PATCH","header":[{"key":"Accept","value":"application\/json"},{"key":"Content-Type","value":"application\/json"}],"url":{"raw":"{{base_url}}\/api\/auth\/Currency\/{Currency}","host":"{{base_url}}\/api\/auth\/Currency\/{Currency}"}}},{"name":"api\/auth\/Currency\/{Currency}","request":{"method":"DELETE","header":[{"key":"Accept","value":"application\/json"},{"key":"Content-Type","value":"application\/json"}],"url":{"raw":"{{base_url}}\/api\/auth\/Currency\/{Currency}","host":"{{base_url}}\/api\/auth\/Currency\/{Currency}"}}},{"name":"api\/auth\/Carrier","request":{"method":"GET","header":[{"key":"Accept","value":"application\/json"},{"key":"Content-Type","value":"application\/json"}],"url":{"raw":"{{base_url}}\/api\/auth\/Carrier","host":"{{base_url}}\/api\/auth\/Carrier"}}},{"name":"api\/auth\/Carrier","request":{"method":"POST","header":[{"key":"Accept","value":"application\/json"},{"key":"Content-Type","value":"application\/json"}],"url":{"raw":"{{base_url}}\/api\/auth\/Carrier","host":"{{base_url}}\/api\/auth\/Carrier"}}},{"name":"api\/auth\/Carrier\/{Carrier}","request":{"method":"GET","header":[{"key":"Accept","value":"application\/json"},{"key":"Content-Type","value":"application\/json"}],"url":{"raw":"{{base_url}}\/api\/auth\/Carrier\/{Carrier}","host":"{{base_url}}\/api\/auth\/Carrier\/{Carrier}"}}},{"name":"api\/auth\/Carrier\/{Carrier}","request":{"method":"PUT","header":[{"key":"Accept","value":"application\/json"},{"key":"Content-Type","value":"application\/json"}],"url":{"raw":"{{base_url}}\/api\/auth\/Carrier\/{Carrier}","host":"{{base_url}}\/api\/auth\/Carrier\/{Carrier}"}}},{"name":"api\/auth\/Carrier\/{Carrier}","request":{"method":"PATCH","header":[{"key":"Accept","value":"application\/json"},{"key":"Content-Type","value":"application\/json"}],"url":{"raw":"{{base_url}}\/api\/auth\/Carrier\/{Carrier}","host":"{{base_url}}\/api\/auth\/Carrier\/{Carrier}"}}},{"name":"api\/auth\/Carrier\/{Carrier}","request":{"method":"DELETE","header":[{"key":"Accept","value":"application\/json"},{"key":"Content-Type","value":"application\/json"}],"url":{"raw":"{{base_url}}\/api\/auth\/Carrier\/{Carrier}","host":"{{base_url}}\/api\/auth\/Carrier\/{Carrier}"}}},{"name":"api\/auth\/Users","request":{"method":"GET","header":[{"key":"Accept","value":"application\/json"},{"key":"Content-Type","value":"application\/json"}],"url":{"raw":"{{base_url}}\/api\/auth\/Users","host":"{{base_url}}\/api\/auth\/Users"}}},{"name":"api\/auth\/Users","request":{"method":"POST","header":[{"key":"Accept","value":"application\/json"},{"key":"Content-Type","value":"application\/json"}],"url":{"raw":"{{base_url}}\/api\/auth\/Users","host":"{{base_url}}\/api\/auth\/Users"}}},{"name":"api\/auth\/Users\/{User}","request":{"method":"GET","header":[{"key":"Accept","value":"application\/json"},{"key":"Content-Type","value":"application\/json"}],"url":{"raw":"{{base_url}}\/api\/auth\/Users\/{User}","host":"{{base_url}}\/api\/auth\/Users\/{User}"}}},{"name":"api\/auth\/Users\/{User}","request":{"method":"PUT","header":[{"key":"Accept","value":"application\/json"},{"key":"Content-Type","value":"application\/json"}],"url":{"raw":"{{base_url}}\/api\/auth\/Users\/{User}","host":"{{base_url}}\/api\/auth\/Users\/{User}"}}},{"name":"api\/auth\/Users\/{User}","request":{"method":"PATCH","header":[{"key":"Accept","value":"application\/json"},{"key":"Content-Type","value":"application\/json"}],"url":{"raw":"{{base_url}}\/api\/auth\/Users\/{User}","host":"{{base_url}}\/api\/auth\/Users\/{User}"}}},{"name":"api\/auth\/Users\/{User}","request":{"method":"DELETE","header":[{"key":"Accept","value":"application\/json"},{"key":"Content-Type","value":"application\/json"}],"url":{"raw":"{{base_url}}\/api\/auth\/Users\/{User}","host":"{{base_url}}\/api\/auth\/Users\/{User}"}}},{"name":"api\/auth\/Roles","request":{"method":"GET","header":[{"key":"Accept","value":"application\/json"},{"key":"Content-Type","value":"application\/json"}],"url":{"raw":"{{base_url}}\/api\/auth\/Roles","host":"{{base_url}}\/api\/auth\/Roles"}}},{"name":"api\/auth\/Roles","request":{"method":"POST","header":[{"key":"Accept","value":"application\/json"},{"key":"Content-Type","value":"application\/json"}],"url":{"raw":"{{base_url}}\/api\/auth\/Roles","host":"{{base_url}}\/api\/auth\/Roles"}}},{"name":"api\/auth\/Roles\/{Role}","request":{"method":"GET","header":[{"key":"Accept","value":"application\/json"},{"key":"Content-Type","value":"application\/json"}],"url":{"raw":"{{base_url}}\/api\/auth\/Roles\/{Role}","host":"{{base_url}}\/api\/auth\/Roles\/{Role}"}}},{"name":"api\/auth\/Roles\/{Role}","request":{"method":"PUT","header":[{"key":"Accept","value":"application\/json"},{"key":"Content-Type","value":"application\/json"}],"url":{"raw":"{{base_url}}\/api\/auth\/Roles\/{Role}","host":"{{base_url}}\/api\/auth\/Roles\/{Role}"}}},{"name":"api\/auth\/Roles\/{Role}","request":{"method":"PATCH","header":[{"key":"Accept","value":"application\/json"},{"key":"Content-Type","value":"application\/json"}],"url":{"raw":"{{base_url}}\/api\/auth\/Roles\/{Role}","host":"{{base_url}}\/api\/auth\/Roles\/{Role}"}}},{"name":"api\/auth\/Roles\/{Role}","request":{"method":"DELETE","header":[{"key":"Accept","value":"application\/json"},{"key":"Content-Type","value":"application\/json"}],"url":{"raw":"{{base_url}}\/api\/auth\/Roles\/{Role}","host":"{{base_url}}\/api\/auth\/Roles\/{Role}"}}},{"name":"api\/auth\/Permissions","request":{"method":"GET","header":[{"key":"Accept","value":"application\/json"},{"key":"Content-Type","value":"application\/json"}],"url":{"raw":"{{base_url}}\/api\/auth\/Permissions","host":"{{base_url}}\/api\/auth\/Permissions"}}},{"name":"api\/auth\/Permissions","request":{"method":"POST","header":[{"key":"Accept","value":"application\/json"},{"key":"Content-Type","value":"application\/json"}],"url":{"raw":"{{base_url}}\/api\/auth\/Permissions","host":"{{base_url}}\/api\/auth\/Permissions"}}},{"name":"api\/auth\/Permissions\/{Permission}","request":{"method":"GET","header":[{"key":"Accept","value":"application\/json"},{"key":"Content-Type","value":"application\/json"}],"url":{"raw":"{{base_url}}\/api\/auth\/Permissions\/{Permission}","host":"{{base_url}}\/api\/auth\/Permissions\/{Permission}"}}},{"name":"api\/auth\/Permissions\/{Permission}","request":{"method":"PUT","header":[{"key":"Accept","value":"application\/json"},{"key":"Content-Type","value":"application\/json"}],"url":{"raw":"{{base_url}}\/api\/auth\/Permissions\/{Permission}","host":"{{base_url}}\/api\/auth\/Permissions\/{Permission}"}}},{"name":"api\/auth\/Permissions\/{Permission}","request":{"method":"PATCH","header":[{"key":"Accept","value":"application\/json"},{"key":"Content-Type","value":"application\/json"}],"url":{"raw":"{{base_url}}\/api\/auth\/Permissions\/{Permission}","host":"{{base_url}}\/api\/auth\/Permissions\/{Permission}"}}},{"name":"api\/auth\/Permissions\/{Permission}","request":{"method":"DELETE","header":[{"key":"Accept","value":"application\/json"},{"key":"Content-Type","value":"application\/json"}],"url":{"raw":"{{base_url}}\/api\/auth\/Permissions\/{Permission}","host":"{{base_url}}\/api\/auth\/Permissions\/{Permission}"}}},{"name":"api\/auth\/Orders","request":{"method":"GET","header":[{"key":"Accept","value":"application\/json"},{"key":"Content-Type","value":"application\/json"}],"url":{"raw":"{{base_url}}\/api\/auth\/Orders","host":"{{base_url}}\/api\/auth\/Orders"}}},{"name":"api\/auth\/Orders","request":{"method":"POST","header":[{"key":"Accept","value":"application\/json"},{"key":"Content-Type","value":"application\/json"}],"url":{"raw":"{{base_url}}\/api\/auth\/Orders","host":"{{base_url}}\/api\/auth\/Orders"}}},{"name":"api\/auth\/Orders\/{Order}","request":{"method":"GET","header":[{"key":"Accept","value":"application\/json"},{"key":"Content-Type","value":"application\/json"}],"url":{"raw":"{{base_url}}\/api\/auth\/Orders\/{Order}","host":"{{base_url}}\/api\/auth\/Orders\/{Order}"}}},{"name":"api\/auth\/Orders\/{Order}","request":{"method":"PUT","header":[{"key":"Accept","value":"application\/json"},{"key":"Content-Type","value":"application\/json"}],"url":{"raw":"{{base_url}}\/api\/auth\/Orders\/{Order}","host":"{{base_url}}\/api\/auth\/Orders\/{Order}"}}},{"name":"api\/auth\/Orders\/{Order}","request":{"method":"PATCH","header":[{"key":"Accept","value":"application\/json"},{"key":"Content-Type","value":"application\/json"}],"url":{"raw":"{{base_url}}\/api\/auth\/Orders\/{Order}","host":"{{base_url}}\/api\/auth\/Orders\/{Order}"}}},{"name":"api\/auth\/Orders\/{Order}","request":{"method":"DELETE","header":[{"key":"Accept","value":"application\/json"},{"key":"Content-Type","value":"application\/json"}],"url":{"raw":"{{base_url}}\/api\/auth\/Orders\/{Order}","host":"{{base_url}}\/api\/auth\/Orders\/{Order}"}}},{"name":"api\/auth\/City","request":{"method":"GET","header":[{"key":"Accept","value":"application\/json"},{"key":"Content-Type","value":"application\/json"}],"url":{"raw":"{{base_url}}\/api\/auth\/City","host":"{{base_url}}\/api\/auth\/City"}}},{"name":"api\/auth\/City","request":{"method":"POST","header":[{"key":"Accept","value":"application\/json"},{"key":"Content-Type","value":"application\/json"}],"url":{"raw":"{{base_url}}\/api\/auth\/City","host":"{{base_url}}\/api\/auth\/City"}}},{"name":"api\/auth\/City\/{City}","request":{"method":"GET","header":[{"key":"Accept","value":"application\/json"},{"key":"Content-Type","value":"application\/json"}],"url":{"raw":"{{base_url}}\/api\/auth\/City\/{City}","host":"{{base_url}}\/api\/auth\/City\/{City}"}}},{"name":"api\/auth\/City\/{City}","request":{"method":"PUT","header":[{"key":"Accept","value":"application\/json"},{"key":"Content-Type","value":"application\/json"}],"url":{"raw":"{{base_url}}\/api\/auth\/City\/{City}","host":"{{base_url}}\/api\/auth\/City\/{City}"}}},{"name":"api\/auth\/City\/{City}","request":{"method":"PATCH","header":[{"key":"Accept","value":"application\/json"},{"key":"Content-Type","value":"application\/json"}],"url":{"raw":"{{base_url}}\/api\/auth\/City\/{City}","host":"{{base_url}}\/api\/auth\/City\/{City}"}}},{"name":"api\/auth\/City\/{City}","request":{"method":"DELETE","header":[{"key":"Accept","value":"application\/json"},{"key":"Content-Type","value":"application\/json"}],"url":{"raw":"{{base_url}}\/api\/auth\/City\/{City}","host":"{{base_url}}\/api\/auth\/City\/{City}"}}}]}